year,total_produce_4315,total_produce_delivery_charges,produce_invoice_totals
2014,"$16,828.08",$0.00,"$16,828.08"
2015,"$25,124.53",$0.00,"$25,124.53"
2016,"$26,159.43",$0.00,"$26,159.43"
2017,"$22,935.09",$0.00,"$22,935.09"
2018,"$17,419.92",$0.00,"$17,419.92"
2019,"$14,540.86",$0.00,"$14,540.86"
2020,"$17,449.44",$35.00,"$17,484.44"
2021,"$21,920.75",$0.00,"$21,920.75"
2022,"$2,791.29",$0.00,"$2,791.29"
TOTAL,"$165,169.40",$35.00,"$165,204.40"
